id,job_title,location,connection,fit
1,2019 c.t . bauer colleg busi graduat ( magna cum laud ) aspir human resourc profession,"Houston, Texas",85,
2,nativ english teacher epik ( english program korea ),Kanada,500+ ,
3,aspir human resourc profession,"Raleigh-Durham, North Carolina Area",44,
4,peopl develop coordin ryan,"Denton, Texas",500+ ,
5,advisori board member celal bayar univers,"İzmir, Türkiye",500+ ,
6,aspir human resourc specialist,Greater New York City Area,1,
7,student humber colleg aspir human resourc generalist,Kanada,61,
8,human resourc senior specialist,San Francisco Bay Area,500+ ,
9,student humber colleg aspir human resourc generalist,Kanada,61,
10,seek human resourc human resourc inform system generalist posit,Greater Philadelphia Area,500+ ,
11,student chapman univers,"Lake Forest, California",2,
12,"senior vice presid , chief human resourc offic , market & commun , corpor social respons offic | engi | houston | woodland | energi | global profession human resourc | senior profession human resourc","Houston, Texas Area",500+ ,
13,human resourc coordin intercontinent buckhead atlanta,"Atlanta, Georgia",500+ ,
14,2019 c.t . bauer colleg busi graduat ( magna cum laud ) aspir human resourc profession,"Houston, Texas",85,
15,2019 c.t . bauer colleg busi graduat ( magna cum laud ) aspir human resourc profession,"Houston, Texas",85,
16,nativ english teacher epik ( english program korea ),Kanada,500+ ,
17,aspir human resourc profession,"Raleigh-Durham, North Carolina Area",44,
18,peopl develop coordin ryan,"Denton, Texas",500+ ,
19,2019 c.t . bauer colleg busi graduat ( magna cum laud ) aspir human resourc profession,"Houston, Texas",85,
20,nativ english teacher epik ( english program korea ),Kanada,500+ ,
21,aspir human resourc profession,"Raleigh-Durham, North Carolina Area",44,
22,peopl develop coordin ryan,"Denton, Texas",500+ ,
23,advisori board member celal bayar univers,"İzmir, Türkiye",500+ ,
24,aspir human resourc specialist,Greater New York City Area,1,
25,student humber colleg aspir human resourc generalist,Kanada,61,
26,human resourc senior specialist,San Francisco Bay Area,500+ ,
27,aspir human resourc manag student seek internship,"Houston, Texas Area",500+ ,
28,seek human resourc opportun,"Chicago, Illinois",390,
29,aspir human resourc manag student seek internship,"Houston, Texas Area",500+ ,
30,seek human resourc opportun,"Chicago, Illinois",390,
31,2019 c.t . bauer colleg busi graduat ( magna cum laud ) aspir human resourc profession,"Houston, Texas",85,
32,nativ english teacher epik ( english program korea ),Kanada,500+ ,
33,aspir human resourc profession,"Raleigh-Durham, North Carolina Area",44,
34,peopl develop coordin ryan,"Denton, Texas",500+ ,
35,advisori board member celal bayar univers,"İzmir, Türkiye",500+ ,
36,aspir human resourc specialist,Greater New York City Area,1,
37,student humber colleg aspir human resourc generalist,Kanada,61,
38,human resourc senior specialist,San Francisco Bay Area,500+ ,
39,student humber colleg aspir human resourc generalist,Kanada,61,
40,seek human resourc human resourc inform system generalist posit,Greater Philadelphia Area,500+ ,
41,student chapman univers,"Lake Forest, California",2,
42,"senior vice presid , chief human resourc offic , market & commun , corpor social respons offic | engi | houston | woodland | energi | global profession human resourc | senior profession human resourc","Houston, Texas Area",500+ ,
43,human resourc coordin intercontinent buckhead atlanta,"Atlanta, Georgia",500+ ,
44,2019 c.t . bauer colleg busi graduat ( magna cum laud ) aspir human resourc profession,"Houston, Texas",85,
45,nativ english teacher epik ( english program korea ),Kanada,500+ ,
46,aspir human resourc profession,"Raleigh-Durham, North Carolina Area",44,
47,peopl develop coordin ryan,"Denton, Texas",500+ ,
48,advisori board member celal bayar univers,"İzmir, Türkiye",500+ ,
49,aspir human resourc specialist,Greater New York City Area,1,
50,student humber colleg aspir human resourc generalist,Kanada,61,
51,human resourc senior specialist,San Francisco Bay Area,500+ ,
52,student humber colleg aspir human resourc generalist,Kanada,61,
53,seek human resourc human resourc inform system generalist posit,Greater Philadelphia Area,500+ ,
54,student chapman univers,"Lake Forest, California",2,
55,"senior vice presid , chief human resourc offic , market & commun , corpor social respons offic | engi | houston | woodland | energi | global profession human resourc | senior profession human resourc","Houston, Texas Area",500+ ,
56,human resourc coordin intercontinent buckhead atlanta,"Atlanta, Georgia",500+ ,
57,2019 c.t . bauer colleg busi graduat ( magna cum laud ) aspir human resourc profession,"Houston, Texas",85,
58,aspir human resourc profession,"Raleigh-Durham, North Carolina Area",44,
59,peopl develop coordin ryan,"Denton, Texas",500+ ,
60,aspir human resourc specialist,Greater New York City Area,1,
61,human resourc senior specialist,San Francisco Bay Area,500+ ,
62,seek human resourc human resourc inform system generalist posit,Greater Philadelphia Area,500+ ,
63,student chapman univers,"Lake Forest, California",2,
64,"senior vice presid , chief human resourc offic , market & commun , corpor social respons offic | engi | houston | woodland | energi | global profession human resourc | senior profession human resourc","Houston, Texas Area",500+ ,
65,human resourc coordin intercontinent buckhead atlanta,"Atlanta, Georgia",500+ ,
66,experienc retail manag aspir human resourc profession,"Austin, Texas Area",57,
67,"human resourc , staf recruit profession","Jackson, Mississippi Area",500+ ,
68,human resourc specialist luxottica,Greater New York City Area,500+ ,
69,"director human resourc north america , group beneteau","Greater Grand Rapids, Michigan Area",500+ ,
70,"retir armi nation guard recruit , offic manag , seek posit human resourc .","Virginia Beach, Virginia",82,
71,"human resourc generalist scottmadden , inc .","Raleigh-Durham, North Carolina Area",500+ ,
72,busi manag major aspir human resourc manag,"Monroe, Louisiana Area",5,
73,"aspir human resourc manag , seek internship human resourc .","Houston, Texas Area",7,
74,human resourc profession,Greater Boston Area,16,
75,"nortia staf seek human resourc , payrol & administr profession ! ! ( 408 ) 709-2621","San Jose, California",500+ ,
76,aspir human resourc profession | passion help creat inclus engag work environ,"New York, New York",212,
77,human resources| conflict management| polici & procedures|tal management|benefit & compens,Dallas/Fort Worth Area,409,
78,human resourc generalist schwan 's,Amerika Birleşik Devletleri,500+ ,
79,liber art major . aspir human resourc analyst .,"Baton Rouge, Louisiana Area",7,
80,junior manufactur execut system engineer| inform system,"Myrtle Beach, South Carolina Area",52,
81,senior human resourc busi partner heil environment,"Chattanooga, Tennessee Area",455,
82,aspir human resourc profession | energet team-focus leader,"Austin, Texas Area",174,
83,human resourc manag endemol shine north america,"Los Angeles, California",268,
84,human resourc profession world leader geograph inform system softwar,"Highland, California",50,
85,reduc risk product brand portfolio execut jti ( japan tobacco intern ),Greater Philadelphia Area,500+ ,
86,inform system specialist programm love data organ .,"Gaithersburg, Maryland",4,
87,bachelor scienc biolog victoria univers wellington,"Baltimore, Maryland",40,
88,human resourc manag major,"Milpitas, California",18,
89,director human resourc ey,Greater Atlanta Area,349,
90,undergradu research assist styczynski lab,Greater Atlanta Area,155,
91,lead offici western illinoi univers,Greater Chicago Area,39,
92,seek employ opportun within custom servic patient care,"Torrance, California",64,
93,admiss repres commun medic center long beach,"Long Beach, California",9,
94,seek human resourc opportun . open travel reloc .,Amerika Birleşik Devletleri,415,
95,student westfield state univers,"Bridgewater, Massachusetts",57,
96,student indiana univers kokomo - busi manag - retail manag delphi hardwar paint,"Lafayette, Indiana",19,
97,aspir human resourc profession,"Kokomo, Indiana Area",71,
98,student,"Houston, Texas Area",4,
99,seek human resourc posit,"Las Vegas, Nevada Area",48,
100,aspir human resourc manag | graduat may 2020 | seek entry-level human resourc posit st. loui,"Cape Girardeau, Missouri",103,
101,human resourc generalist loparex,"Raleigh-Durham, North Carolina Area",500+ ,
102,busi intellig analyt travel,Greater New York City Area,49,
103,alway set success,Greater Los Angeles Area,500+ ,
104,director administr excel log,"Katy, Texas",500+ ,
